Workbook

Sheet Leaderboard
A1: KTPR Leaderboard -- match 1, 2026-08-13
A2: Edit weights on the Knobs sheet -- every score below recalculates live.
A4: Rank | B4: Player | C4: Kills | D4: Deaths | E4: K:D | F4: Assists | G4: Headshots | H4: LFD kills | I4: Cap breaks | J4: Flag caps | K4: Norm. damage | L4: KTPR Score
A5: =RANK(L5,$L$5:$L$21) | B5: ='Raw Data'!A5 | C5: ='Raw Data'!B5 | D5: ='Raw Data'!C5 | E5: =C5/MAX(D5,1) | F5: ='Raw Data'!D5 | G5: ='Raw Data'!E5 | H5: ='Raw Data'!F5 | I5: ='Raw Data'!G5 | J5: ='Raw Data'!H5 | K5: ='Raw Data'!I5*IF('Raw Data'!J5="",0,IF('Raw Data'!$B$25="Tie",Knobs!$B$18,IF('Raw Data'!J5='Raw Data'!$B$25,Knobs!$B$16,Knobs!$B$17)))+'Raw Data'!K5*IF('Raw Data'!L5="",0,IF('Raw Data'!$B$26="Tie",Knobs!$B$18,IF('Raw Data'!L5='Raw Data'!$B$26,Knobs!$B$16,Knobs!$B$17))) | L5: =C5*Knobs!$B$8 + (C5/(D5+1))*Knobs!$B$9 + F5*Knobs!$B$10 + G5*Knobs!$B$11 + H5*Knobs!$B$12 + I5*Knobs!$B$13 + J5*Knobs!$B$14 + (K5/100)*Knobs!$B$15
A6: =RANK(L6,$L$5:$L$21) | B6: ='Raw Data'!A6 | C6: ='Raw Data'!B6 | D6: ='Raw Data'!C6 | E6: =C6/MAX(D6,1) | F6: ='Raw Data'!D6 | G6: ='Raw Data'!E6 | H6: ='Raw Data'!F6 | I6: ='Raw Data'!G6 | J6: ='Raw Data'!H6 | K6: ='Raw Data'!I6*IF('Raw Data'!J6="",0,IF('Raw Data'!$B$25="Tie",Knobs!$B$18,IF('Raw Data'!J6='Raw Data'!$B$25,Knobs!$B$16,Knobs!$B$17)))+'Raw Data'!K6*IF('Raw Data'!L6="",0,IF('Raw Data'!$B$26="Tie",Knobs!$B$18,IF('Raw Data'!L6='Raw Data'!$B$26,Knobs!$B$16,Knobs!$B$17))) | L6: =C6*Knobs!$B$8 + (C6/(D6+1))*Knobs!$B$9 + F6*Knobs!$B$10 + G6*Knobs!$B$11 + H6*Knobs!$B$12 + I6*Knobs!$B$13 + J6*Knobs!$B$14 + (K6/100)*Knobs!$B$15
A7: =RANK(L7,$L$5:$L$21) | B7: ='Raw Data'!A7 | C7: ='Raw Data'!B7 | D7: ='Raw Data'!C7 | E7: =C7/MAX(D7,1) | F7: ='Raw Data'!D7 | G7: ='Raw Data'!E7 | H7: ='Raw Data'!F7 | I7: ='Raw Data'!G7 | J7: ='Raw Data'!H7 | K7: ='Raw Data'!I7*IF('Raw Data'!J7="",0,IF('Raw Data'!$B$25="Tie",Knobs!$B$18,IF('Raw Data'!J7='Raw Data'!$B$25,Knobs!$B$16,Knobs!$B$17)))+'Raw Data'!K7*IF('Raw Data'!L7="",0,IF('Raw Data'!$B$26="Tie",Knobs!$B$18,IF('Raw Data'!L7='Raw Data'!$B$26,Knobs!$B$16,Knobs!$B$17))) | L7: =C7*Knobs!$B$8 + (C7/(D7+1))*Knobs!$B$9 + F7*Knobs!$B$10 + G7*Knobs!$B$11 + H7*Knobs!$B$12 + I7*Knobs!$B$13 + J7*Knobs!$B$14 + (K7/100)*Knobs!$B$15
A8: =RANK(L8,$L$5:$L$21) | B8: ='Raw Data'!A8 | C8: ='Raw Data'!B8 | D8: ='Raw Data'!C8 | E8: =C8/MAX(D8,1) | F8: ='Raw Data'!D8 | G8: ='Raw Data'!E8 | H8: ='Raw Data'!F8 | I8: ='Raw Data'!G8 | J8: ='Raw Data'!H8 | K8: ='Raw Data'!I8*IF('Raw Data'!J8="",0,IF('Raw Data'!$B$25="Tie",Knobs!$B$18,IF('Raw Data'!J8='Raw Data'!$B$25,Knobs!$B$16,Knobs!$B$17)))+'Raw Data'!K8*IF('Raw Data'!L8="",0,IF('Raw Data'!$B$26="Tie",Knobs!$B$18,IF('Raw Data'!L8='Raw Data'!$B$26,Knobs!$B$16,Knobs!$B$17))) | L8: =C8*Knobs!$B$8 + (C8/(D8+1))*Knobs!$B$9 + F8*Knobs!$B$10 + G8*Knobs!$B$11 + H8*Knobs!$B$12 + I8*Knobs!$B$13 + J8*Knobs!$B$14 + (K8/100)*Knobs!$B$15
A9: =RANK(L9,$L$5:$L$21) | B9: ='Raw Data'!A9 | C9: ='Raw Data'!B9 | D9: ='Raw Data'!C9 | E9: =C9/MAX(D9,1) | F9: ='Raw Data'!D9 | G9: ='Raw Data'!E9 | H9: ='Raw Data'!F9 | I9: ='Raw Data'!G9 | J9: ='Raw Data'!H9 | K9: ='Raw Data'!I9*IF('Raw Data'!J9="",0,IF('Raw Data'!$B$25="Tie",Knobs!$B$18,IF('Raw Data'!J9='Raw Data'!$B$25,Knobs!$B$16,Knobs!$B$17)))+'Raw Data'!K9*IF('Raw Data'!L9="",0,IF('Raw Data'!$B$26="Tie",Knobs!$B$18,IF('Raw Data'!L9='Raw Data'!$B$26,Knobs!$B$16,Knobs!$B$17))) | L9: =C9*Knobs!$B$8 + (C9/(D9+1))*Knobs!$B$9 + F9*Knobs!$B$10 + G9*Knobs!$B$11 + H9*Knobs!$B$12 + I9*Knobs!$B$13 + J9*Knobs!$B$14 + (K9/100)*Knobs!$B$15
A10: =RANK(L10,$L$5:$L$21) | B10: ='Raw Data'!A10 | C10: ='Raw Data'!B10 | D10: ='Raw Data'!C10 | E10: =C10/MAX(D10,1) | F10: ='Raw Data'!D10 | G10: ='Raw Data'!E10 | H10: ='Raw Data'!F10 | I10: ='Raw Data'!G10 | J10: ='Raw Data'!H10 | K10: ='Raw Data'!I10*IF('Raw Data'!J10="",0,IF('Raw Data'!$B$25="Tie",Knobs!$B$18,IF('Raw Data'!J10='Raw Data'!$B$25,Knobs!$B$16,Knobs!$B$17)))+'Raw Data'!K10*IF('Raw Data'!L10="",0,IF('Raw Data'!$B$26="Tie",Knobs!$B$18,IF('Raw Data'!L10='Raw Data'!$B$26,Knobs!$B$16,Knobs!$B$17))) | L10: =C10*Knobs!$B$8 + (C10/(D10+1))*Knobs!$B$9 + F10*Knobs!$B$10 + G10*Knobs!$B$11 + H10*Knobs!$B$12 + I10*Knobs!$B$13 + J10*Knobs!$B$14 + (K10/100)*Knobs!$B$15
A11: =RANK(L11,$L$5:$L$21) | B11: ='Raw Data'!A11 | C11: ='Raw Data'!B11 | D11: ='Raw Data'!C11 | E11: =C11/MAX(D11,1) | F11: ='Raw Data'!D11 | G11: ='Raw Data'!E11 | H11: ='Raw Data'!F11 | I11: ='Raw Data'!G11 | J11: ='Raw Data'!H11 | K11: ='Raw Data'!I11*IF('Raw Data'!J11="",0,IF('Raw Data'!$B$25="Tie",Knobs!$B$18,IF('Raw Data'!J11='Raw Data'!$B$25,Knobs!$B$16,Knobs!$B$17)))+'Raw Data'!K11*IF('Raw Data'!L11="",0,IF('Raw Data'!$B$26="Tie",Knobs!$B$18,IF('Raw Data'!L11='Raw Data'!$B$26,Knobs!$B$16,Knobs!$B$17))) | L11: =C11*Knobs!$B$8 + (C11/(D11+1))*Knobs!$B$9 + F11*Knobs!$B$10 + G11*Knobs!$B$11 + H11*Knobs!$B$12 + I11*Knobs!$B$13 + J11*Knobs!$B$14 + (K11/100)*Knobs!$B$15
A12: =RANK(L12,$L$5:$L$21) | B12: ='Raw Data'!A12 | C12: ='Raw Data'!B12 | D12: ='Raw Data'!C12 | E12: =C12/MAX(D12,1) | F12: ='Raw Data'!D12 | G12: ='Raw Data'!E12 | H12: ='Raw Data'!F12 | I12: ='Raw Data'!G12 | J12: ='Raw Data'!H12 | K12: ='Raw Data'!I12*IF('Raw Data'!J12="",0,IF('Raw Data'!$B$25="Tie",Knobs!$B$18,IF('Raw Data'!J12='Raw Data'!$B$25,Knobs!$B$16,Knobs!$B$17)))+'Raw Data'!K12*IF('Raw Data'!L12="",0,IF('Raw Data'!$B$26="Tie",Knobs!$B$18,IF('Raw Data'!L12='Raw Data'!$B$26,Knobs!$B$16,Knobs!$B$17))) | L12: =C12*Knobs!$B$8 + (C12/(D12+1))*Knobs!$B$9 + F12*Knobs!$B$10 + G12*Knobs!$B$11 + H12*Knobs!$B$12 + I12*Knobs!$B$13 + J12*Knobs!$B$14 + (K12/100)*Knobs!$B$15
A13: =RANK(L13,$L$5:$L$21) | B13: ='Raw Data'!A13 | C13: ='Raw Data'!B13 | D13: ='Raw Data'!C13 | E13: =C13/MAX(D13,1) | F13: ='Raw Data'!D13 | G13: ='Raw Data'!E13 | H13: ='Raw Data'!F13 | I13: ='Raw Data'!G13 | J13: ='Raw Data'!H13 | K13: ='Raw Data'!I13*IF('Raw Data'!J13="",0,IF('Raw Data'!$B$25="Tie",Knobs!$B$18,IF('Raw Data'!J13='Raw Data'!$B$25,Knobs!$B$16,Knobs!$B$17)))+'Raw Data'!K13*IF('Raw Data'!L13="",0,IF('Raw Data'!$B$26="Tie",Knobs!$B$18,IF('Raw Data'!L13='Raw Data'!$B$26,Knobs!$B$16,Knobs!$B$17))) | L13: =C13*Knobs!$B$8 + (C13/(D13+1))*Knobs!$B$9 + F13*Knobs!$B$10 + G13*Knobs!$B$11 + H13*Knobs!$B$12 + I13*Knobs!$B$13 + J13*Knobs!$B$14 + (K13/100)*Knobs!$B$15
A14: =RANK(L14,$L$5:$L$21) | B14: ='Raw Data'!A14 | C14: ='Raw Data'!B14 | D14: ='Raw Data'!C14 | E14: =C14/MAX(D14,1) | F14: ='Raw Data'!D14 | G14: ='Raw Data'!E14 | H14: ='Raw Data'!F14 | I14: ='Raw Data'!G14 | J14: ='Raw Data'!H14 | K14: ='Raw Data'!I14*IF('Raw Data'!J14="",0,IF('Raw Data'!$B$25="Tie",Knobs!$B$18,IF('Raw Data'!J14='Raw Data'!$B$25,Knobs!$B$16,Knobs!$B$17)))+'Raw Data'!K14*IF('Raw Data'!L14="",0,IF('Raw Data'!$B$26="Tie",Knobs!$B$18,IF('Raw Data'!L14='Raw Data'!$B$26,Knobs!$B$16,Knobs!$B$17))) | L14: =C14*Knobs!$B$8 + (C14/(D14+1))*Knobs!$B$9 + F14*Knobs!$B$10 + G14*Knobs!$B$11 + H14*Knobs!$B$12 + I14*Knobs!$B$13 + J14*Knobs!$B$14 + (K14/100)*Knobs!$B$15
A15: =RANK(L15,$L$5:$L$21) | B15: ='Raw Data'!A15 | C15: ='Raw Data'!B15 | D15: ='Raw Data'!C15 | E15: =C15/MAX(D15,1) | F15: ='Raw Data'!D15 | G15: ='Raw Data'!E15 | H15: ='Raw Data'!F15 | I15: ='Raw Data'!G15 | J15: ='Raw Data'!H15 | K15: ='Raw Data'!I15*IF('Raw Data'!J15="",0,IF('Raw Data'!$B$25="Tie",Knobs!$B$18,IF('Raw Data'!J15='Raw Data'!$B$25,Knobs!$B$16,Knobs!$B$17)))+'Raw Data'!K15*IF('Raw Data'!L15="",0,IF('Raw Data'!$B$26="Tie",Knobs!$B$18,IF('Raw Data'!L15='Raw Data'!$B$26,Knobs!$B$16,Knobs!$B$17))) | L15: =C15*Knobs!$B$8 + (C15/(D15+1))*Knobs!$B$9 + F15*Knobs!$B$10 + G15*Knobs!$B$11 + H15*Knobs!$B$12 + I15*Knobs!$B$13 + J15*Knobs!$B$14 + (K15/100)*Knobs!$B$15
A16: =RANK(L16,$L$5:$L$21) | B16: ='Raw Data'!A16 | C16: ='Raw Data'!B16 | D16: ='Raw Data'!C16 | E16: =C16/MAX(D16,1) | F16: ='Raw Data'!D16 | G16: ='Raw Data'!E16 | H16: ='Raw Data'!F16 | I16: ='Raw Data'!G16 | J16: ='Raw Data'!H16 | K16: ='Raw Data'!I16*IF('Raw Data'!J16="",0,IF('Raw Data'!$B$25="Tie",Knobs!$B$18,IF('Raw Data'!J16='Raw Data'!$B$25,Knobs!$B$16,Knobs!$B$17)))+'Raw Data'!K16*IF('Raw Data'!L16="",0,IF('Raw Data'!$B$26="Tie",Knobs!$B$18,IF('Raw Data'!L16='Raw Data'!$B$26,Knobs!$B$16,Knobs!$B$17))) | L16: =C16*Knobs!$B$8 + (C16/(D16+1))*Knobs!$B$9 + F16*Knobs!$B$10 + G16*Knobs!$B$11 + H16*Knobs!$B$12 + I16*Knobs!$B$13 + J16*Knobs!$B$14 + (K16/100)*Knobs!$B$15
... A21: =RANK(L21,$L$5:$L$21) | B21: ='Raw Data'!A21 | C21: ='Raw Data'!B21 | D21: ='Raw Data'!C21 | E21: =C21/MAX(D21,1) | F21: ='Raw Data'!D21 | G21: ='Raw Data'!E21 | H21: ='Raw Data'!F21 | I21: ='Raw Data'!G21 | J21: ='Raw Data'!H21 | K21: ='Raw Data'!I21*IF('Raw Data'!J21="",0,IF('Raw Data'!$B$25="Tie",Knobs!$B$18,IF('Raw Data'!J21='Raw Data'!$B$25,Knobs!$B$16,Knobs!$B$17)))+'Raw Data'!K21*IF('Raw Data'!L21="",0,IF('Raw Data'!$B$26="Tie",Knobs!$B$18,IF('Raw Data'!L21='Raw Data'!$B$26,Knobs!$B$16,Knobs!$B$17))) | L21: =C21*Knobs!$B$8 + (C21/(D21+1))*Knobs!$B$9 + F21*Knobs!$B$10 + G21*Knobs!$B$11 + H21*Knobs!$B$12 + I21*Knobs!$B$13 + J21*Knobs!$B$14 + (K21/100)*Knobs!$B$15

Sheet Knobs
A1: KTPR scoring knobs
A2: Edit the yellow cells. Leaderboard recalculates live via formulas referencing these.
A4: dodworldseries.com published weights, for reference (same underlying data source as this project's own capture pipeline):
A5: Kill efficiency 3.0x | Kill volume 1.0x | Assists 1.0x | Cap breaks 1.0x | Flags 0.7x | Damage 0.5x | clamped 0.55-2.5 per metric, position-normalized (median=1.00)
A7: Knob | B7: Value | C7: Description
A8: Kill volume weight | B8: 1 | C8: Points per kill (raw count).
A9: Kill efficiency weight | B9: 3 | C9: Points per kills/(deaths+1). Deaths never subtract -- this is the only place a low death count helps, and it only ever adds.
A10: Assist weight | B10: 1 | C10: Points per assist (PlayerPlayerActions row).
A11: Headshot weight | B11: 0.25 | C11: Points per headshot kill. Not in dodworldseries' published formula -- this project's own addition.
A12: Last-flag-defense weight | B12: 1 | C12: Points per kill defending a team's last remaining flag. This project's own addition; not in dodworldseries' formula.
A13: Cap break weight | B13: 2 | C13: Points per cap break (killing a capper mid-capture).
A14: Flag capture weight | B14: 1.5 | C14: Points per flag capture credited (each participating player gets full credit, not split).
A15: Damage weight (per 100) | B15: 0.5 | C15: Points per 100 normalized damage.
A16: Damage: win multiplier | B16: 1.2 | C16: Multiplier on a half's damage if the player's team won that half (by flag-capture count).
A17: Damage: loss multiplier | B17: 0.8 | C17: Multiplier on a half's damage if the player's team lost that half.
A18: Damage: tie multiplier | B18: 1 | C18: Multiplier on a half's damage if that half ended in a capture-count tie.

Sheet Raw Data
A1: Raw data -- match 1, 2026-08-13, dod_anzio (recovered fixture)
A2: Source: tests/e2e_stats/fixtures/regression-2026-08-13-match1/hlstatsx-fixture.sql. One real match, both halves. Not synthetic.
A4: Player | B4: Kills | C4: Deaths | D4: Assists | E4: Headshots | F4: LFD kills | G4: Cap breaks | H4: Flag captures | I4: Half1 dmg | J4: Half1 team | K4: Half2 dmg | L4: Half2 team
A5: Ferro | B5: 42 | C5: 20 | D5: 3 | E5: 4 | F5: 11 | G5: 0 | H5: 12 | I5: 1927 | J5: Axis | K5: 2822 | L5: Allies
A6: Claire | B6: 30 | C6: 12 | D6: 4 | E6: 3 | F6: 9 | G6: 0 | H6: 4 | I6: 3955 | J6: Allies | K6: 0
A7: Ash | B7: 25 | C7: 23 | D7: 3 | E7: 2 | F7: 3 | G7: 0 | H7: 7 | I7: 1681 | J7: Axis | K7: 1647 | L7: Allies
A8: Bishop | B8: 25 | C8: 25 | D8: 4 | E8: 2 | F8: 3 | G8: 0 | H8: 4 | I8: 1685 | J8: Allies | K8: 1225 | L8: Axis
A9: Burke | B9: 24 | C9: 26 | D9: 9 | E9: 3 | F9: 2 | G9: 0 | H9: 10 | I9: 1675 | J9: Axis | K9: 1536 | L9: Allies
A10: Dallas | B10: 24 | C10: 26 | D10: 4 | E10: 2 | F10: 3 | G10: 1 | H10: 5 | I10: 2207 | J10: Allies | K10: 1155 | L10: Axis
A11: Hicks | B11: 23 | C11: 26 | D11: 0 | E11: 4 | F11: 2 | G11: 1 | H11: 7 | I11: 877 | J11: Allies | K11: 1428 | L11: Axis
A12: Cutter | B12: 21 | C12: 25 | D12: 5 | E12: 4 | F12: 2 | G12: 0 | H12: 8 | I12: 1101 | J12: Allies | K12: 1463 | L12: Axis
A13: Dracula | B13: 19 | C13: 13 | D13: 3 | E13: 1 | F13: 5 | G13: 1 | H13: 4 | I13: 2710 | J13: Allies | K13: 0
A14: Lambert | B14: 19 | C14: 27 | D14: 1 | E14: 3 | F14: 4 | G14: 0 | H14: 6 | I14: 900 | J14: Axis | K14: 1650 | L14: Allies
A15: Hudson | B15: 18 | C15: 26 | D15: 3 | E15: 2 | F15: 4 | G15: 0 | H15: 3 | I15: 943 | J15: Axis | K15: 1228 | L15: Allies
A16: GLaDOS | B16: 17 | C16: 12 | D16: 3 | E16: 0 | F16: 1 | G16: 0 | H16: 8 | I16: 0 | K16: 2425 | L16: Allies
A17: Crash | B17: 16 | C17: 10 | D17: 3 | E17: 2 | F17: 8 | G17: 0 | H17: 2 | I17: 0 | K17: 2017 | L17: Allies
A18: Kane | B18: 15 | C18: 27 | D18: 4 | E18: 4 | F18: 2 | G18: 0 | H18: 6 | I18: 1251 | J18: Allies | K18: 939 | L18: Axis
A19: Ripley | B19: 12 | C19: 32 | D19: 4 | E19: 1 | F19: 1 | G19: 0 | H19: 5 | I19: 594 | J19: Allies | K19: 567 | L19: Axis
A20: Parker | B20: 11 | C20: 11 | D20: 2 | E20: 3 | F20: 1 | G20: 0 | H20: 6 | I20: 842 | J20: Axis | K20: 260 | L20: Allies
A21: Pyramid | B21: 11 | C21: 11 | D21: 2 | E21: 1 | F21: 5 | G21: 0 | H21: 1 | I21: 1400 | J21: Allies | K21: 0
A24: Half winners (by flag-capture count, a derived proxy -- see Notes)
A25: Half 1 winner: | B25: Axis
A26: Half 2 winner: | B26: Tie

Sheet Notes
A1: Notes, scope, and known gaps
A3: SCOPE: one recovered match (both halves, dod_anzio, 2026-08-13). Real bot-driven play, not synthetic. Not a validated baseline -- one match's worth of data, one map.
A5: REFERENCE: dodworldseries.com publishes a KTPR system on the same underlying data source (kills, assists, damage, flags, cap breaks, deaths) this project's capture pipeline produces. Their published weights: kill efficiency 3.0x, kill volume 1.0x, assists 1.0x, cap breaks 1.0x, flags 0.7x, damage 0.5x -- clamped 0.55-2.5 per metric, position-normalized against the median of each player's position group (Rifle/Heavy/3rd/Sniper), 1.00 = average performance. This workbook's default Knobs are informed by those but are NOT a copy -- see below for what's implemented differently and why.
A7: WHAT'S NOT YET IMPLEMENTED VS. dodworldseries.com's SYSTEM:
A8: 1. Position normalization (median-relative scoring within Rifle/Heavy/3rd/Sniper groups). This workbook uses a flat weighted sum instead. Why: many bots in this test dataset used randomized classes (killerRole = 'Random' for several players), so a reliable per-player position bucket isn't derivable from this match alone -- forcing a bucket would be a guess, not a measurement. Real competitive play (fixed classes) would make this tractable.
A9: 2. Per-metric clamping (0.55-2.5). Not applied here -- this workbook's weighted-sum approach doesn't have the same outlier-domination risk a ratio-based system does, but this is worth revisiting once position-normalization is added.
A11: WHAT THIS WORKBOOK ADDS BEYOND dodworldseries.com's PUBLISHED FORMULA:
A12: - Headshot weight and last-flag-defense weight -- both genuinely new stats this project's own capture work added (Phase 5 and Phase 7 respectively), not present in the reference system.
A13: - Deaths never subtract. Kill efficiency is an ADDITIVE kills/(deaths+1) term, not a penalty -- per direct feedback that low deaths should differentiate top players without punishing anyone's honest kill count. The floor is naturally 0 (every term is non-negative).
A14: - Damage normalization by half win/loss is implemented as a real formula here (see Raw Data sheet for the per-half winner derivation), not just described.
A16: FLAG CAPTURE WEIGHTING CAVEAT: this match only ever contested 2 of dod_anzio's 5 flags (POINT_BRIDGE, POINT_ANZIO_PLAZA), captured exactly 23 times each -- a tie. The other 3 flags are presumably home flags that start pre-owned and never generate a capture event. With only 2 tied data points, there's no real signal yet to weight flags differently by importance -- the Flag capture weight knob applies flatly to every capture regardless of which flag. Differentiating flag value needs either map-topology knowledge or capture-count data pooled across more matches.
A18: HALF-WINNER DERIVATION: 'winner' per half is derived from which team captured more flags that half (Half 1: Axis 13 vs Allies 11 -> Axis; Half 2: 11-11 -> Tie), parsed from the raw game log. This is a PROXY, not a captured ground-truth field -- ktp_match_stats/ktp_match_players (the tables that would store an authoritative winner) are both empty in this fixture, since they're populated by KTPMatchHandler live in-game, not by this offline daemon replay.
... A24: REPRODUCE / REGENERATE: scripts/composite_v2.py and scripts/explore_fixture.py (KTPInfrastructure repo) compute these same numbers programmatically against the persisted fixture. This workbook's Raw Data values were pasted in from a run of those scripts on 2026-08-13 -- rerun them against a newer fixture to refresh.
