Workbook
Name scale: Knobs!$B$6
Name kd_cap: Knobs!$B$7
Name flag_w_regular: Knobs!$B$8
Name flag_w_nonregular: Knobs!$B$9
Name flag_cap: Knobs!$B$10
Name flag_log_base: Knobs!$B$11
Name death_w: Knobs!$B$12
Name death_cap: Knobs!$B$13
Name part_floor: Knobs!$B$14
Name threshold: 'Raw Data'!$B$69

Sheet Leaderboard
A1: OLD KTPR — Philly LAN 2026
A2: Live formula (Knobs sheet) next to the already-verified engine output, so agreement between them is a built-in correctness check -- independent of comparing against dodworldseries.com.
A4: Rank | B4: Player | C4: Role | D4: Matches | E4: K/D | F4: Kills/Half | G4: Deaths/Half | H4: Flags/Half | I4: Live Old KTPR | J4: Reference (engine) | K4: Diff
A5: =RANK(I5,$I$5:$I$65) | B5: ='Raw Data'!A5 | C5: ='Raw Data'!B5 | D5: ='Raw Data'!C5 | E5: ='Raw Data'!D5 | F5: ='Raw Data'!F5 | G5: ='Raw Data'!G5 | H5: ='Raw Data'!J5 | I5: =scale*MIN(E5,kd_cap)*(F5/'Raw Data'!$B$70)*(1+MIN(LN(H5+1)/LN(flag_log_base)+IF(D5>=threshold,(H5/'Raw Data'!$B$72-1)*flag_w_regular,(H5/'Raw Data'!$B$73-1)*flag_w_nonregular),flag_cap))*(1-MIN((G5/'Raw Data'!$B$71-1)*death_w,death_cap)) | J5: ='Raw Data'!L5 | K5: =I5-J5
A6: =RANK(I6,$I$5:$I$65) | B6: ='Raw Data'!A6 | C6: ='Raw Data'!B6 | D6: ='Raw Data'!C6 | E6: ='Raw Data'!D6 | F6: ='Raw Data'!F6 | G6: ='Raw Data'!G6 | H6: ='Raw Data'!J6 | I6: =scale*MIN(E6,kd_cap)*(F6/'Raw Data'!$B$70)*(1+MIN(LN(H6+1)/LN(flag_log_base)+IF(D6>=threshold,(H6/'Raw Data'!$B$72-1)*flag_w_regular,(H6/'Raw Data'!$B$73-1)*flag_w_nonregular),flag_cap))*(1-MIN((G6/'Raw Data'!$B$71-1)*death_w,death_cap)) | J6: ='Raw Data'!L6 | K6: =I6-J6
A7: =RANK(I7,$I$5:$I$65) | B7: ='Raw Data'!A7 | C7: ='Raw Data'!B7 | D7: ='Raw Data'!C7 | E7: ='Raw Data'!D7 | F7: ='Raw Data'!F7 | G7: ='Raw Data'!G7 | H7: ='Raw Data'!J7 | I7: =scale*MIN(E7,kd_cap)*(F7/'Raw Data'!$B$70)*(1+MIN(LN(H7+1)/LN(flag_log_base)+IF(D7>=threshold,(H7/'Raw Data'!$B$72-1)*flag_w_regular,(H7/'Raw Data'!$B$73-1)*flag_w_nonregular),flag_cap))*(1-MIN((G7/'Raw Data'!$B$71-1)*death_w,death_cap)) | J7: ='Raw Data'!L7 | K7: =I7-J7
A8: =RANK(I8,$I$5:$I$65) | B8: ='Raw Data'!A8 | C8: ='Raw Data'!B8 | D8: ='Raw Data'!C8 | E8: ='Raw Data'!D8 | F8: ='Raw Data'!F8 | G8: ='Raw Data'!G8 | H8: ='Raw Data'!J8 | I8: =scale*MIN(E8,kd_cap)*(F8/'Raw Data'!$B$70)*(1+MIN(LN(H8+1)/LN(flag_log_base)+IF(D8>=threshold,(H8/'Raw Data'!$B$72-1)*flag_w_regular,(H8/'Raw Data'!$B$73-1)*flag_w_nonregular),flag_cap))*(1-MIN((G8/'Raw Data'!$B$71-1)*death_w,death_cap)) | J8: ='Raw Data'!L8 | K8: =I8-J8
A9: =RANK(I9,$I$5:$I$65) | B9: ='Raw Data'!A9 | C9: ='Raw Data'!B9 | D9: ='Raw Data'!C9 | E9: ='Raw Data'!D9 | F9: ='Raw Data'!F9 | G9: ='Raw Data'!G9 | H9: ='Raw Data'!J9 | I9: =scale*MIN(E9,kd_cap)*(F9/'Raw Data'!$B$70)*(1+MIN(LN(H9+1)/LN(flag_log_base)+IF(D9>=threshold,(H9/'Raw Data'!$B$72-1)*flag_w_regular,(H9/'Raw Data'!$B$73-1)*flag_w_nonregular),flag_cap))*(1-MIN((G9/'Raw Data'!$B$71-1)*death_w,death_cap)) | J9: ='Raw Data'!L9 | K9: =I9-J9
A10: =RANK(I10,$I$5:$I$65) | B10: ='Raw Data'!A10 | C10: ='Raw Data'!B10 | D10: ='Raw Data'!C10 | E10: ='Raw Data'!D10 | F10: ='Raw Data'!F10 | G10: ='Raw Data'!G10 | H10: ='Raw Data'!J10 | I10: =scale*MIN(E10,kd_cap)*(F10/'Raw Data'!$B$70)*(1+MIN(LN(H10+1)/LN(flag_log_base)+IF(D10>=threshold,(H10/'Raw Data'!$B$72-1)*flag_w_regular,(H10/'Raw Data'!$B$73-1)*flag_w_nonregular),flag_cap))*(1-MIN((G10/'Raw Data'!$B$71-1)*death_w,death_cap)) | J10: ='Raw Data'!L10 | K10: =I10-J10
A11: =RANK(I11,$I$5:$I$65) | B11: ='Raw Data'!A11 | C11: ='Raw Data'!B11 | D11: ='Raw Data'!C11 | E11: ='Raw Data'!D11 | F11: ='Raw Data'!F11 | G11: ='Raw Data'!G11 | H11: ='Raw Data'!J11 | I11: =scale*MIN(E11,kd_cap)*(F11/'Raw Data'!$B$70)*(1+MIN(LN(H11+1)/LN(flag_log_base)+IF(D11>=threshold,(H11/'Raw Data'!$B$72-1)*flag_w_regular,(H11/'Raw Data'!$B$73-1)*flag_w_nonregular),flag_cap))*(1-MIN((G11/'Raw Data'!$B$71-1)*death_w,death_cap)) | J11: ='Raw Data'!L11 | K11: =I11-J11
A12: =RANK(I12,$I$5:$I$65) | B12: ='Raw Data'!A12 | C12: ='Raw Data'!B12 | D12: ='Raw Data'!C12 | E12: ='Raw Data'!D12 | F12: ='Raw Data'!F12 | G12: ='Raw Data'!G12 | H12: ='Raw Data'!J12 | I12: =scale*MIN(E12,kd_cap)*(F12/'Raw Data'!$B$70)*(1+MIN(LN(H12+1)/LN(flag_log_base)+IF(D12>=threshold,(H12/'Raw Data'!$B$72-1)*flag_w_regular,(H12/'Raw Data'!$B$73-1)*flag_w_nonregular),flag_cap))*(1-MIN((G12/'Raw Data'!$B$71-1)*death_w,death_cap)) | J12: ='Raw Data'!L12 | K12: =I12-J12
A13: =RANK(I13,$I$5:$I$65) | B13: ='Raw Data'!A13 | C13: ='Raw Data'!B13 | D13: ='Raw Data'!C13 | E13: ='Raw Data'!D13 | F13: ='Raw Data'!F13 | G13: ='Raw Data'!G13 | H13: ='Raw Data'!J13 | I13: =scale*MIN(E13,kd_cap)*(F13/'Raw Data'!$B$70)*(1+MIN(LN(H13+1)/LN(flag_log_base)+IF(D13>=threshold,(H13/'Raw Data'!$B$72-1)*flag_w_regular,(H13/'Raw Data'!$B$73-1)*flag_w_nonregular),flag_cap))*(1-MIN((G13/'Raw Data'!$B$71-1)*death_w,death_cap)) | J13: ='Raw Data'!L13 | K13: =I13-J13
A14: =RANK(I14,$I$5:$I$65) | B14: ='Raw Data'!A14 | C14: ='Raw Data'!B14 | D14: ='Raw Data'!C14 | E14: ='Raw Data'!D14 | F14: ='Raw Data'!F14 | G14: ='Raw Data'!G14 | H14: ='Raw Data'!J14 | I14: =scale*MIN(E14,kd_cap)*(F14/'Raw Data'!$B$70)*(1+MIN(LN(H14+1)/LN(flag_log_base)+IF(D14>=threshold,(H14/'Raw Data'!$B$72-1)*flag_w_regular,(H14/'Raw Data'!$B$73-1)*flag_w_nonregular),flag_cap))*(1-MIN((G14/'Raw Data'!$B$71-1)*death_w,death_cap)) | J14: ='Raw Data'!L14 | K14: =I14-J14
A15: =RANK(I15,$I$5:$I$65) | B15: ='Raw Data'!A15 | C15: ='Raw Data'!B15 | D15: ='Raw Data'!C15 | E15: ='Raw Data'!D15 | F15: ='Raw Data'!F15 | G15: ='Raw Data'!G15 | H15: ='Raw Data'!J15 | I15: =scale*MIN(E15,kd_cap)*(F15/'Raw Data'!$B$70)*(1+MIN(LN(H15+1)/LN(flag_log_base)+IF(D15>=threshold,(H15/'Raw Data'!$B$72-1)*flag_w_regular,(H15/'Raw Data'!$B$73-1)*flag_w_nonregular),flag_cap))*(1-MIN((G15/'Raw Data'!$B$71-1)*death_w,death_cap)) | J15: ='Raw Data'!L15 | K15: =I15-J15
A16: =RANK(I16,$I$5:$I$65) | B16: ='Raw Data'!A16 | C16: ='Raw Data'!B16 | D16: ='Raw Data'!C16 | E16: ='Raw Data'!D16 | F16: ='Raw Data'!F16 | G16: ='Raw Data'!G16 | H16: ='Raw Data'!J16 | I16: =scale*MIN(E16,kd_cap)*(F16/'Raw Data'!$B$70)*(1+MIN(LN(H16+1)/LN(flag_log_base)+IF(D16>=threshold,(H16/'Raw Data'!$B$72-1)*flag_w_regular,(H16/'Raw Data'!$B$73-1)*flag_w_nonregular),flag_cap))*(1-MIN((G16/'Raw Data'!$B$71-1)*death_w,death_cap)) | J16: ='Raw Data'!L16 | K16: =I16-J16
... A65: =RANK(I65,$I$5:$I$65) | B65: ='Raw Data'!A65 | C65: ='Raw Data'!B65 | D65: ='Raw Data'!C65 | E65: ='Raw Data'!D65 | F65: ='Raw Data'!F65 | G65: ='Raw Data'!G65 | H65: ='Raw Data'!J65 | I65: =scale*MIN(E65,kd_cap)*(F65/'Raw Data'!$B$70)*(1+MIN(LN(H65+1)/LN(flag_log_base)+IF(D65>=threshold,(H65/'Raw Data'!$B$72-1)*flag_w_regular,(H65/'Raw Data'!$B$73-1)*flag_w_nonregular),flag_cap))*(1-MIN((G65/'Raw Data'!$B$71-1)*death_w,death_cap)) | J65: ='Raw Data'!L65 | K65: =I65-J65
B67: Max |Live - Reference| across all 61 players: | I67: =MAX(ABS(K5:K65))
B68: (Should be ~0 at default knobs. python cross-check before this workbook was built: 0.0139.)

Sheet Knobs
A1: OLD KTPR — knobs (Philly LAN 2026)
A2: This is the ORIGINAL multiplicative Excel formula that was actually used to score Philly LAN, not this project's redesign. Edit yellow cells; Leaderboard recalculates live.
A3: KTPR = scale x [min(K/D,kd_cap) x (Kills/Half / median_regulars)] x (1+flag_bonus) x (1-death_penalty)
A5: Knob | B5: Value | C5: Description
A6: scale | B6: 0.8 | C6: Final multiplier.
A7: kd_cap | B7: 1.1 | C7: Ceiling on the K/D skill ratio before it's used.
A8: flag_w_regular | B8: 0.5 | C8: Relative-flag weight for 'regular' players (matches >= threshold).
A9: flag_w_nonregular | B9: 0.3 | C9: Relative-flag weight for non-regulars.
A10: flag_cap | B10: 0.4 | C10: Ceiling on the total flag bonus.
A11: flag_log_base | B11: 25 | C11: LOG(flags/half + 1) / LOG(this) -- diminishing-returns term on raw flag volume.
A12: death_w | B12: 0.2 | C12: Death penalty weight.
A13: death_cap | B13: 0.15 | C13: Ceiling on the death penalty.
A14: part_floor | B14: 0 | C14: Floor on the participation ('regular player') threshold.

Sheet Raw Data
A1: Raw data — Philly LAN 2026, Sat+Sun tournament matches only (match_type=0)
A2: 61 players, 55 matches. Source: hlstatsx_lan (HLStatsX-spine kills/deaths/flags; HUD-augmented assists/damage/breaks). Pulled 2026-08-07 via ktpr_mysql.py.
A4: Player | B4: Role | C4: Matches | D4: K/D | E4: KDA | F4: Kills/Half | G4: Deaths/Half | H4: Assists/Half | I4: Damage/Half | J4: Flags/Half | K4: Breaks/Half | L4: Published Old KTPR | M4: Published Current KTPR | N4: Published New KTPR
A5: dicE[: :]stealthlol | B5: Sniper | C5: 13 | D5: 1.15 | E5: 1.21 | F5: 24.8 | G5: 21.7 | H5: 1.3 | I5: 3752 | J5: 3.3 | K5: 0.2 | L5: 1.24 | M5: 1.15 | N5: 1.3
A6: [bb] bR0M ＃4BIGDAWG | B6: Rifle | C6: 8 | D6: 1.1 | E6: 1.31 | F6: 24.4 | G6: 22.1 | H6: 4.5 | I6: 4078 | J6: 6.3 | K6: 0.5 | L6: 1.25 | M6: 1.13 | N6: 1.29
A7: [NATO] baiko ＃gubbe.se | B7: Rifle | C7: 12 | D7: 1.12 | E7: 1.37 | F7: 25 | G7: 22.3 | H7: 5.6 | I7: 4473 | J7: 4.2 | K7: 0.5 | L7: 1.28 | M7: 1.16 | N7: 1.28
A8: iH.hildebrand? | B8: Sniper | C8: 11 | D8: 1.69 | E8: 1.77 | F8: 23.6 | G8: 14 | H8: 1 | I8: 3864 | J8: 3.6 | K8: 0.1 | L8: 1.29 | M8: 1.17 | N8: 1.27
A9: ßℓυ†н \| TillJim | B9: Rifle | C9: 12 | D9: 1.11 | E9: 1.31 | F9: 26.2 | G9: 23.7 | H9: 4.7 | I9: 4256 | J9: 3.3 | K9: 0.7 | L9: 1.3 | M9: 1.2 | N9: 1.26
A10: ßℓυ†н \| nicholson | B10: Rifle | C10: 12 | D10: 1.05 | E10: 1.23 | F10: 21.1 | G10: 20.1 | H10: 3.6 | I10: 3483 | J10: 3.3 | K10: 0.9 | L10: 1.03 | M10: 0.94 | N10: 1.25
A11: NoSo ! arachnid | B11: Sniper | C11: 12 | D11: 1.13 | E11: 1.18 | F11: 24.4 | G11: 21.6 | H11: 1.2 | I11: 3546 | J11: 2.2 | K11: 0.2 | L11: 1.02 | M11: 1.03 | N11: 1.19
A12: NoSo ! Savage¬ | B12: Rifle | C12: 12 | D12: 1.21 | E12: 1.36 | F12: 27.2 | G12: 22.6 | H12: 3.5 | I12: 4372 | J12: 3.8 | K12: 0.4 | L12: 1.39 | M12: 1.25 | N12: 1.12
A13: ßℓυ†н \| patten | B13: Sniper | C13: 12 | D13: 1.09 | E13: 1.17 | F13: 22.6 | G13: 20.8 | H13: 1.8 | I13: 3741 | J13: 2.5 | K13: 0.1 | L13: 1 | M13: 0.99 | N13: 1.12
A14: iH.Seanality | B14: Rifle | C14: 11 | D14: 1.25 | E14: 1.49 | F14: 26.5 | G14: 21.2 | H14: 5 | I14: 4618 | J14: 6.7 | K14: 0.1 | L14: 1.37 | M14: 1.24 | N14: 1.12
A15: ßℓυ†н \| p12 | B15: Rifle | C15: 12 | D15: 0.85 | E15: 1.09 | F15: 21.9 | G15: 25.7 | H15: 6 | I15: 3757 | J15: 4.5 | K15: 0.3 | L15: 0.84 | M15: 0.76 | N15: 1.12
A16: [bb] Polak | B16: Rifle | C16: 9 | D16: 1.15 | E16: 1.31 | F16: 25.2 | G16: 21.8 | H16: 3.4 | I16: 4022 | J16: 6.1 | K16: 0.3 | L16: 1.29 | M16: 1.17 | N16: 1.11
... A65: uR[TM]* SirSnipeys | B65: Rifle | C65: 8 | D65: 0.6 | E65: 0.68 | F65: 19.8 | G65: 33 | H65: 2.8 | I65: 3307 | J65: 4.8 | K65: 0.1 | L65: 0.5 | M65: 0.45 | N65: 0.71
A68: Derived baselines (auto)
A69: Threshold (regular-player match floor) | B69: =MAX(part_floor,MAX(C5:C65)*0.66)
A70: Median Kills/Half (regulars) | B70: {=MEDIAN(IF(C5:C65>=threshold,F5:F65))}
A71: Median Deaths/Half (regulars) | B71: {=MEDIAN(IF(C5:C65>=threshold,G5:G65))}
A72: Median Flags/Half (regulars) | B72: {=MEDIAN(IF(C5:C65>=threshold,J5:J65))}
A73: Median Flags/Half (all players) | B73: =MEDIAN(J5:J65)

Sheet Notes
A1: Notes
A3: THIS IS THE OLD KTPR — the original multiplicative Excel formula actually used to score real events, reproduced here as live formulas (not the 'current' hardened variant, and not this project's 'new' team-contribution redesign). See the Knobs sheet for the formula shape and every weight.
A5: DATA: real Philly LAN 2026 stats, 61 players, Sat+Sun tournament matches only (match_type=0, 55 matches) — Friday's for-fun games and incomplete/warmup matches excluded. Kills/deaths/flags are HLStatsX-spine (hlstats_Events_Frags / hlstats_Events_PlayerActions); assists/damage/breaks are HUD-augmented. Pulled from production (hlstatsx_lan via SSH) on 2026-08-07 by this project's own ktpr_mysql.py/make_report.py — reused here rather than re-querying production again for this workbook.
A7: FORMULA SOURCE OF TRUTH: ktpr_engine.py's compute_excel(), [profiles.old] in weights.toml — both in G:\GIT\ktpeffort. That implementation is independently verified: it reproduces Book1.csv's stored KTPRn column exactly (max diff 0.0075, pure rounding), per KTPR_SPEC.md.
A9: BUILT-IN CORRECTNESS CHECK: the Leaderboard sheet's 'Reference (engine)' column is the already-computed Old KTPR value from KTPR_LAN_COMPARISON.md (i.e. ktpr_engine.py's own output for these exact players). The 'Live Old KTPR' column is this workbook's own formula chain, built independently from the same knobs. Before this workbook was built, the formula was also re-derived and cross-checked in plain Python against the published values (max diff reported on the Leaderboard sheet, footer). Agreement between Live and Reference is a real correctness signal on its own, independent of comparing against dodworldseries.com externally.
A11: WHAT THE OLD FORMULA DOES NOT USE: assists, damage, and breaks are shown on the Raw Data sheet for context (and because they're needed for the 'current'/'new' variants), but the OLD formula's core skill/flag/death terms only read K/D, Kills/Half, Deaths/Half, and Flags/Half. That's not an oversight here — it's what the original formula actually does.
A13: REGULAR PLAYER: anyone whose Matches >= MAX(part_floor, MAX(all players' Matches) x 0.66) — i.e. played at least 66% of the most-attended player's match count (13 here, so threshold = 8.58). Medians used for normalization are computed over regulars only, except the non-regular flag-bonus branch, which compares against the median over ALL players.
A15: TO COMPARE AGAINST dodworldseries.com: sort the Leaderboard by rank or by 'Live Old KTPR' and line it up against the site's published Philly LAN leaderboard. If the site published a different formula variant (old vs. current) or a different match-scope filter (e.g. including Friday), expect systematic differences — check the site's own stated methodology before treating any mismatch as a bug here.
